USE CMS_GROUP_20
GO

-- INSERT VALUES INTO PERSON TABLE
INSERT INTO PERSON VALUES ( 'User01' , ' User01name ' , ' user01email@dm.com ' , ' 28328378237822 ' , 'C' )                                        
INSERT INTO PERSON VALUES ( 'User02' , ' User02name' , 'user02email@dm.com' , '18328378237822' , 'C' );                                      
INSERT INTO PERSON VALUES ( 'User03' , ' User03name ' , ' user03email@dm.com ' , ' 58328378237822 ' , 'C' )                                       
INSERT INTO PERSON VALUES ( 'User04' , ' User04name ' , ' user04email@dm.com ' , ' 28318378237822 ' , 'C' )                                        
INSERT INTO PERSON VALUES ( 'User05' , ' User05name ' , ' user05email@dm.com ' , ' 86328378237822 ' , 'C' )                                        
INSERT INTO PERSON VALUES ( 'User06 ' , ' User06name ' , ' user06email@dm.com ' , ' 28983283782378 ' , 'C' )                                        
INSERT INTO PERSON VALUES ( 'User07 ' , ' User07name ' , ' user07email@dm.com ' , ' 78328378237822 ' , 'C' )                                       
INSERT INTO PERSON VALUES ( 'User08 ' , ' User08name ' , ' user08email@dm.com ' , ' 38328378237822 ' , 'C' )                                       
INSERT INTO PERSON VALUES ( 'User09 ' , ' User09name ' , ' user09email@dm.com ' , ' 48328378237822 ' , 'C' )                                       
INSERT INTO PERSON VALUES ( 'User10 ' , ' User10name ' , ' user10email@dm.com ' , ' 78328678237822 ' , 'C' )                                        
INSERT INTO PERSON VALUES ( 'User11 ' , ' User11name ' , ' user11email@dm.com ' , ' 58328379237822 ' , 'E' )                                       
INSERT INTO PERSON VALUES ( 'User12 ' , ' User12name ' , ' user12email@dm.com ' , ' 68328358237822 ' , 'E' )                                       
INSERT INTO PERSON VALUES ( 'User13 ' , ' User13name ' , ' user13email@dm.com ' , ' 24328398237822 ' , 'E' )                                        
INSERT INTO PERSON VALUES ( 'User14 ' , ' User14name ' , ' user14email@dm.com ' , ' 25329378237822 ' , 'E' )                                       
INSERT INTO PERSON VALUES ( 'User15 ' , ' User15name ' , ' user15email@dm.com ' , ' 24432837823782 ' , 'E' )                                       
INSERT INTO PERSON VALUES ( 'User16 ' , ' User16name ' , ' user16email@dm.com ' , ' 23328378237822 ' , 'C' )                                       
INSERT INTO PERSON VALUES ( 'User17 ' , ' User17name ' , ' user17email@dm.com ' , ' 66328378237822 ' , 'C' )                                       
INSERT INTO PERSON VALUES ( 'User18 ' , ' User18name ' , ' user18email@dm.com ' , ' 77328378237822 ' , 'C' )                                       
INSERT INTO PERSON VALUES ( 'User19 ' , ' User19name ' , ' user19email@dm.com ' , ' 28358378237822 ' , 'C' )                                       
INSERT INTO PERSON VALUES ( 'User20 ' , ' User20name ' , ' user20email@dm.com ' , ' 33328378237822 ' , 'C' ) 

INSERT INTO PERSON VALUES ( 'User25 ' , ' User25name ' , ' user25email@dm.com ' , ' 58328379237112 ' , 'E' )                                       
INSERT INTO PERSON VALUES ( 'User26 ' , ' User26name ' , ' user26email@dm.com ' , ' 68328358237562 ' , 'E' )                                       
INSERT INTO PERSON VALUES ( 'User27 ' , ' User27name ' , ' user27email@dm.com ' , ' 24328398347822 ' , 'E' )                                        
INSERT INTO PERSON VALUES ( 'User28 ' , ' User28name ' , ' user28email@dm.com ' , ' 25329378897822 ' , 'E' )

INSERT INTO PERSON VALUES ( 'User31 ' , ' User31name ' , ' user31email@dm.com ' , ' 24328398677822 ' , 'E' )                                        
INSERT INTO PERSON VALUES ( 'User32 ' , ' User32name ' , ' user32email@dm.com ' , ' 25329008897822 ' , 'E' )
INSERT INTO PERSON VALUES ( 'User33 ' , ' User33name ' , ' user33email@dm.com ' , ' 68323358237562 ' , 'E' )                                       
INSERT INTO PERSON VALUES ( 'User34 ' , ' User34name ' , ' user34email@dm.com ' , ' 24323498347822 ' , 'E' )                                        
INSERT INTO PERSON VALUES ( 'User35 ' , ' User35name ' , ' user35email@dm.com ' , ' 25323578897822 ' , 'E' )

INSERT INTO PERSON VALUES ( 'User50' ,  ' User50name ' , ' user50email@dm.com ' , ' 23325078237822 ' , 'C' )                                       
INSERT INTO PERSON VALUES ( 'User51 ' , ' User51name ' , ' user51email@dm.com ' , ' 66325178237822 ' , 'C' )                                       
INSERT INTO PERSON VALUES ( 'User52 ' , ' User52name ' , ' user52email@dm.com ' , ' 77325278237822 ' , 'C' )                                       
INSERT INTO PERSON VALUES ( 'User53 ' , ' User53name ' , ' user53email@dm.com ' , ' 28355378237822 ' , 'C' )                                       
INSERT INTO PERSON VALUES ( 'User54 ' , ' User54name ' , ' user54email@dm.com ' , ' 33325478237822 ' , 'C' )
INSERT INTO PERSON VALUES ( 'User55 ' , ' User55name ' , ' user55email@dm.com ' , ' 33325578237822 ' , 'C' )
INSERT INTO PERSON VALUES ( 'User56' ,  ' User56name ' , ' user56email@dm.com ' , ' 23325678237822 ' , 'C' )                                       
INSERT INTO PERSON VALUES ( 'User57 ' , ' User57name ' , ' user57email@dm.com ' , ' 66325778237822 ' , 'C' )                                       
INSERT INTO PERSON VALUES ( 'User58 ' , ' User58name ' , ' user58email@dm.com ' , ' 77325878237822 ' , 'C' )                                       
INSERT INTO PERSON VALUES ( 'User59 ' , ' User59name ' , ' user59email@dm.com ' , ' 28355978237822 ' , 'C' )                                       
INSERT INTO PERSON VALUES ( 'User60 ' , ' User60name ' , ' user60email@dm.com ' , ' 33326078237822 ' , 'C' )
INSERT INTO PERSON VALUES ( 'User61 ' , ' User61name ' , ' user61email@dm.com ' , ' 33326178237822 ' , 'C' )


--SELECT * FROM PERSON;		 


---INSERT VALUES INTO CUSTOMER TABLE ---------------

INSERT INTO CUSTOMER VALUES ( 'User01' , ' Apt-121,Greenvilla '   , 'Boston' , 'MA', 'USA' , 02215);
INSERT INTO CUSTOMER VALUES ( 'User02' , ' Apt-122,Pinkvilla  '   , 'Boston' , 'MA', 'USA' , 02125);
INSERT INTO CUSTOMER VALUES ( 'User03' , ' Apt-123,Orangevilla '  , 'Chicago', 'IL', 'USA' , 60601);
INSERT INTO CUSTOMER VALUES ( 'User04' , ' Apt-124,Cityview '     , 'Miami'  , 'FL', 'USA' , 33124);
INSERT INTO CUSTOMER VALUES ( 'User05' , ' Apt-125,LongwoodMedic' , 'SanJose', 'CA', 'USA' , 90001);
INSERT INTO CUSTOMER VALUES ( 'User06' , ' Apt-126,TremontStreet' , 'SanFran', 'CA', 'USA' , 90075);
INSERT INTO CUSTOMER VALUES ( 'User07' , ' Apt-127,Roxbury'       , 'Seattle', 'WA', 'USA' , 98009);
INSERT INTO CUSTOMER VALUES ( 'User08' , ' Apt-128,Greenvilla'    , 'NewYork', 'NY', 'USA' , 10025);
INSERT INTO CUSTOMER VALUES ( 'User09' , ' Apt-129,PinkVilla  '   , 'NewYork', 'NY', 'USA' , 10045);
INSERT INTO CUSTOMER VALUES ( 'User10' , ' Apt-130,Greenvilla'    , 'Boston' , 'MA', 'USA' , 02134);
INSERT INTO CUSTOMER VALUES ( 'User16' , ' Apt-131,Pinkvilla'     , 'Redmond', 'WA', 'USA' , 02133);
INSERT INTO CUSTOMER VALUES ( 'User17' , ' Apt-132,Olivevilla'    , 'Phoenix', 'AZ', 'USA' , 02135);
INSERT INTO CUSTOMER VALUES ( 'User18' , ' Apt-133,Whitevilla'    , 'Redmond', 'NJ', 'USA' , 02174);
INSERT INTO CUSTOMER VALUES ( 'User19' , ' Apt-134,Bridgevilla'   , 'Suffolk', 'MA', 'USA' , 02194);
INSERT INTO CUSTOMER VALUES ( 'User20' , ' Apt-135,Roxbury'       , 'Boston' , 'MA', 'USA' , 04134);

INSERT INTO CUSTOMER VALUES ( 'User50' , ' Apt-130,Greenvilla'    , 'Boston' , 'MA', 'USA' , 02134);
INSERT INTO CUSTOMER VALUES ( 'User51' , ' Apt-131,Pinkvilla'     , 'Redmond', 'WA', 'USA' , 02133);
INSERT INTO CUSTOMER VALUES ( 'User52' , ' Apt-132,Olivevilla'    , 'Phoenix', 'AZ', 'USA' , 02135);
INSERT INTO CUSTOMER VALUES ( 'User53' , ' Apt-133,Whitevilla'    , 'Redmond', 'NJ', 'USA' , 02174);
INSERT INTO CUSTOMER VALUES ( 'User54' , ' Apt-134,Bridgevilla'   , 'Suffolk', 'MA', 'USA' , 02194);
INSERT INTO CUSTOMER VALUES ( 'User55' , ' Apt-135,Roxbury'       , 'Boston' , 'MA', 'USA' , 04134);
INSERT INTO CUSTOMER VALUES ( 'User56' , ' Apt-130,Greenvilla'    , 'Boston' , 'MA', 'USA' , 02564);
INSERT INTO CUSTOMER VALUES ( 'User57' , ' Apt-131,Pinkvilla'     , 'Redmond', 'WA', 'USA' , 02573);
INSERT INTO CUSTOMER VALUES ( 'User58' , ' Apt-132,Olivevilla'    , 'Phoenix', 'AZ', 'USA' , 02585);
INSERT INTO CUSTOMER VALUES ( 'User59' , ' Apt-133,Whitevilla'    , 'Redmond', 'NJ', 'USA' , 02594);
INSERT INTO CUSTOMER VALUES ( 'User60' , ' Apt-134,Bridgevilla'   , 'Suffolk', 'MA', 'USA' , 02604);
INSERT INTO CUSTOMER VALUES ( 'User61' , ' Apt-135,Roxbury'       , 'Boston' , 'MA', 'USA' , 04614);

--SELECT * FROM CUSTOMER;

------------------INSERT INTO EMPLOYEE TABLE--------------------------------------

INSERT INTO EMPLOYEE VALUES ('User11', 4500.87, 'DE');
INSERT INTO EMPLOYEE VALUES ('User12', 6589.34, 'DE');
INSERT INTO EMPLOYEE VALUES ('User13', 4785.21, 'DE');
INSERT INTO EMPLOYEE VALUES ('User25', 4900.87, 'DE');
INSERT INTO EMPLOYEE VALUES ('User26', 6889.34, 'DE');
INSERT INTO EMPLOYEE VALUES ('User27', 4725.21, 'DE');
INSERT INTO EMPLOYEE VALUES ('User28', 4745.21, 'DE');
INSERT INTO EMPLOYEE VALUES ('User33', 6339.34, 'DE');
INSERT INTO EMPLOYEE VALUES ('User34', 4345.21, 'DE');
INSERT INTO EMPLOYEE VALUES ('User35', 4355.21, 'DE');

INSERT INTO EMPLOYEE VALUES ('User14', 4111.52, 'A');
INSERT INTO EMPLOYEE VALUES ('User15', 7415.08, 'A');
INSERT INTO EMPLOYEE VALUES ('User31', 4111.52, 'A');
INSERT INTO EMPLOYEE VALUES ('User32', 7415.08, 'A');

--SELECT * FROM EMPLOYEE;

--------------INSERT INTO PRODUCT TABLE-----------------------

INSERT INTO PRODUCT VALUES('Furniture');
INSERT INTO PRODUCT VALUES('Metals');
INSERT INTO PRODUCT VALUES('Food');
INSERT INTO PRODUCT VALUES('Others');


--SELECT * FROM PRODUCT;

--------------INSERT INTO ORDER TABLE --------------------------------------------------------------------

INSERT  INTO [ORDER] VALUES('User01','Boston','Florida'  ,'2020-01-05 00:00:00.000' ,'Firstclass');
INSERT  INTO [ORDER] VALUES('User02','Boston','Chicago'  ,'2020-02-01 00:00:00.000' ,'Firstclass');
INSERT  INTO [ORDER] VALUES('User03','Chicago','Australia','2020-08-25 00:00:00.000','Priority');
INSERT  INTO [ORDER] VALUES('User04','Miami','Japan'      ,'2020-09-24 00:00:00.000','Priority');
INSERT  INTO [ORDER] VALUES('User05','San Jose','Nevada' ,'2020-03-07 00:00:00.000' ,'Firstclass');
INSERT  INTO [ORDER] VALUES('User06','NewYork','London'  ,'2020-07-17 00:00:00.000' ,'Firstclass');
INSERT  INTO [ORDER] VALUES('User07','Seattle','Georgia' ,'2020-04-02 00:00:00.000' ,'Firstclass');
INSERT  INTO [ORDER] VALUES('User08','New York','Italy'   ,'2020-10-22 00:00:00.000','Express');
INSERT  INTO [ORDER] VALUES('User09','NewYork','Seattle' ,'2020-05-08 00:00:00.000' ,'Firstclass');
INSERT  INTO [ORDER] VALUES('User10','Boston','NewYork' ,'2020-06-04 00:00:00.000' ,'Firstclass');

INSERT  INTO [ORDER] VALUES('User16','Boston','Texas'       ,'2019-04-05 00:00:00.000','Priority');
INSERT  INTO [ORDER] VALUES('User17','Virgina','Connecticut','2019-01-05 00:00:00.000','Priority');
INSERT  INTO [ORDER] VALUES('User18','Texas','Canada'       ,'2019-04-05 00:00:00.000','Priority');
INSERT  INTO [ORDER] VALUES('User19','Missisippi','Texas'   ,'2019-06-05 00:00:00.000','Priority');

INSERT  INTO [ORDER] VALUES('User50','Dallas','Texas'       ,'2019-04-05 00:00:00.000','Priority');
INSERT  INTO [ORDER] VALUES('User51','Boston','Miami'       ,'2019-04-05 00:00:00.000','Express');
INSERT  INTO [ORDER] VALUES('User52','Stlouis','Miami'       ,'2019-04-05 00:00:00.000','Express');
INSERT  INTO [ORDER] VALUES('User53','Boston','Texas'       ,'2019-04-05 00:00:00.000','Priority');
INSERT  INTO [ORDER] VALUES('User54','Chennai','Miami'       ,'2019-04-05 00:00:00.000','Express');
INSERT  INTO [ORDER] VALUES('User55','Hyderabad','Seattle'       ,'2019-04-05 00:00:00.000','Express');

INSERT  INTO [ORDER] VALUES('User01','Boston','TamilNadu'  ,'2020-10-29 00:00:00.000','Express');
INSERT  INTO [ORDER] VALUES('User02','Boston','Pakistan'  ,'2020-11-29 00:00:00.000','Express');




--INSERT  INTO [ORDER] VALUES('User18','Boston','Miami'       ,'2019-04-05 00:00:00.000','Express');
--INSERT  INTO [ORDER] VALUES('User18','Boston','Miami'       ,'2019-04-05 00:00:00.000','Express');



--SELECT * FROM [ORDER];
-----------INSERT INTO ORDERLINE ------------------------------------------------------------------------

INSERT INTO ORDER_LINE VALUES(1, 1, 7, 45.01);
INSERT INTO ORDER_LINE VALUES(2, 2, 2, 20.01);
INSERT INTO ORDER_LINE VALUES(3, 1, 1, 20.01);
INSERT INTO ORDER_LINE VALUES(3, 2, 2, 20.01);
INSERT INTO ORDER_LINE VALUES(4, 3, 2, 20.01);
INSERT INTO ORDER_LINE VALUES(4, 1, 2, 34.01);
INSERT INTO ORDER_LINE VALUES(5, 4, 7, 60.01);
INSERT INTO ORDER_LINE VALUES(6, 3, 1, 37.01);
INSERT INTO ORDER_LINE VALUES(7, 3, 5, 40.01);
INSERT INTO ORDER_LINE VALUES(8, 4, 1, 50.01);
INSERT INTO ORDER_LINE VALUES(9, 2, 4, 90.01);
INSERT INTO ORDER_LINE VALUES(10, 1,3, 75.00);

INSERT INTO ORDER_LINE VALUES(11, 3,1, 25.00);
INSERT INTO ORDER_LINE VALUES(12, 1,1, 35.00);
INSERT INTO ORDER_LINE VALUES(13, 4,1, 65.00);
INSERT INTO ORDER_LINE VALUES(14, 2, 2, 20.01);

INSERT INTO ORDER_LINE VALUES(15, 4,1, 65.00);
INSERT INTO ORDER_LINE VALUES(16, 2,2, 65.00);
INSERT INTO ORDER_LINE VALUES(16, 1,1, 35.00);
INSERT INTO ORDER_LINE VALUES(17, 4,1, 65.00);
INSERT INTO ORDER_LINE VALUES(18, 2,2, 65.00);
INSERT INTO ORDER_LINE VALUES(19, 1,1, 35.00);
INSERT INTO ORDER_LINE VALUES(20, 4,1, 65.00);

INSERT INTO ORDER_LINE VALUES(21, 4,1, 65.00);
INSERT INTO ORDER_LINE VALUES(22, 2,2, 35.00);

--SELECT * FROM ORDER_LINE;SELECT * FROM [ORDER]

------------INSERT INVOICE FOR ORDERS --------------------------------------------

INSERT  INTO INVOICE VALUES(1,'2019-01-05 00:00:00.000',12.44,'paid','CD');
INSERT  INTO INVOICE VALUES(2,'2019-04-05 00:00:00.000',23.44,'paid','CD');
INSERT  INTO INVOICE VALUES(3,'2020-01-05 00:00:00.000',65.98,'paid','CD');
INSERT  INTO INVOICE VALUES(4,'2019-06-05 00:00:00.000',11.46,'paid','CD');
INSERT  INTO INVOICE VALUES(5,'2020-02-01 00:00:00.000',87.84,'notpaid','CD');
INSERT  INTO INVOICE VALUES(6,'2020-03-07 00:00:00.000',82.23,'paid','CD');
INSERT  INTO INVOICE VALUES(7,'2020-04-02 00:00:00.000',12.44,'notpaid','CD');
INSERT  INTO INVOICE VALUES(8,'2020-05-08 00:00:00.000',15.44,'paid','CD');
INSERT  INTO INVOICE VALUES(9,'2020-06-04 00:00:00.000',12.44,'paid','CD');
INSERT  INTO INVOICE VALUES(10,'2020-10-29 00:00:00.000',10.68,'notpaid','CD');

INSERT  INTO INVOICE VALUES(11,'2019-04-05 00:00:00.000',9.24,'paid','CP');
INSERT  INTO INVOICE VALUES(12,'2020-07-17 00:00:00.000',13.34,'paid','CP');
INSERT  INTO INVOICE VALUES(13,'2020-08-25 00:00:00.000',56.56,'notpaid','CP');
INSERT  INTO INVOICE VALUES(14,'2020-11-29 01:00:00.000',19.25,'paid','CP');

INSERT  INTO INVOICE VALUES(15,'2020-11-29 02:00:00.000',68.50,'paid','CP');
INSERT  INTO INVOICE VALUES(16,'2020-10-22 00:00:00.000',78.00,'paid','CP');
INSERT  INTO INVOICE VALUES(17,'2020-07-17 00:00:00.000',13.34,'paid','CP');
INSERT  INTO INVOICE VALUES(18,'2020-08-25 00:00:00.000',56.56,'notpaid','CP');
INSERT  INTO INVOICE VALUES(19,'2020-10-12 00:00:00.000',78.00,'paid','CP');
INSERT  INTO INVOICE VALUES(20,'2020-11-29 01:00:00.000',19.25,'paid','CP');

INSERT  INTO INVOICE VALUES(21,'2020-11-29 02:00:00.000',68.50,'paid','CD');
INSERT  INTO INVOICE VALUES(22,'2020-11-29 02:00:00.000',68.50,'paid','CP');
							
--SELECT * FROM INVOICE;

----------INSERT INTO CARD TABLE ---------------------------------------------------

INSERT  INTO [CARD] VALUES(11111111, 111122223340, 'Credit');
INSERT  INTO [CARD] VALUES(11111112, 111122223341, 'Credit');
INSERT  INTO [CARD] VALUES(11111113, 111122223342, 'Debit' );
INSERT  INTO [CARD] VALUES(11111114, 111122223343, 'Credit');
INSERT  INTO [CARD] VALUES(11111115, 111122223345, 'Debit' );
INSERT  INTO [CARD] VALUES(11111116, 111122223346, 'Debit' );
INSERT  INTO [CARD] VALUES(11111117, 111122223347, 'Debit' );
INSERT  INTO [CARD] VALUES(11111118, 111122223348, 'Debit' );
INSERT  INTO [CARD] VALUES(11111119, 111122223349, 'Debit' );
INSERT  INTO [CARD] VALUES(11111120, 111122223351, 'Credit' );
INSERT  INTO [CARD] VALUES(11111131, 111122223352, 'Credit' );


--SELECT * FROM INVOICE;SELECT * FROM [CARD];

----------- INSERT INTO COUPON TABLE ------------------------------------------------

INSERT INTO [COUPON] VALUES(987654321, 11111121);
INSERT INTO [COUPON] VALUES(321987654, 11111122);
INSERT INTO [COUPON] VALUES(9876565321, 11111123);
INSERT INTO [COUPON] VALUES(9876565365, 11111124);
INSERT INTO [COUPON] VALUES(987627321,  11111125);
INSERT INTO [COUPON] VALUES(321928654,  11111126);
INSERT INTO [COUPON] VALUES(9876295321, 11111127);
INSERT INTO [COUPON] VALUES(9876305365, 11111128);
INSERT INTO [COUPON] VALUES(9876315321, 11111129);
INSERT INTO [COUPON] VALUES(9876325365, 11111130);
INSERT INTO [COUPON] VALUES(9876325367, 11111132);

--SELECT * FROM [COUPON];

----------------------------------INSERTING INTO DELIVERY EMPLOYEE--------------------------------------------

INSERT  INTO Delivery_Employee VALUES(4.3,1,'User11');
INSERT  INTO Delivery_Employee VALUES(4.4,2,'User12');
INSERT  INTO Delivery_Employee VALUES(4.1,3,'User13');
INSERT  INTO Delivery_Employee VALUES(4.4,4,'User25');
INSERT  INTO Delivery_Employee VALUES(4.3,5,'User26');
INSERT  INTO Delivery_Employee VALUES(4.2,6,'User27');
INSERT  INTO Delivery_Employee VALUES(4.3,7,'User28');
INSERT  INTO Delivery_Employee VALUES(4.3,8,'User33');
INSERT  INTO Delivery_Employee VALUES(4.3,9,'User34');
INSERT  INTO Delivery_Employee VALUES(4.4,10,'User35');

INSERT  INTO Delivery_Employee VALUES(4.3,11,'User11');
INSERT  INTO Delivery_Employee VALUES(4.1,12,'User12');
INSERT  INTO Delivery_Employee VALUES(4.1,13,'User13');
INSERT  INTO Delivery_Employee VALUES(4.4,14,'User25');
INSERT  INTO Delivery_Employee VALUES(4.1,15,'User26');
INSERT  INTO Delivery_Employee VALUES(4.3,16,'User27');
INSERT  INTO Delivery_Employee VALUES(4.4,17,'User28');
INSERT  INTO Delivery_Employee VALUES(4.1,18,'User33');
INSERT  INTO Delivery_Employee VALUES(4.1,19,'User34');
INSERT  INTO Delivery_Employee VALUES(4.4,20,'User35');

INSERT  INTO Delivery_Employee VALUES(4.1,21,'User11');
INSERT  INTO Delivery_Employee VALUES(4.3,22,'User12');


--SELECT * FROM Delivery_Employee;SELECT * FROM EMPLOYEE;


--------------------INSERT INTO ADMIN TABLE----------------------------------------------------
----------------INSERTED FEW ADMINS ACCORDING TO BUSINESS RULES---------------------------

INSERT  INTO [ADMIN] VALUES(111,'Boston', 'User14');
INSERT  INTO [ADMIN] VALUES(222,'Miami', 'User15');
INSERT  INTO [ADMIN] VALUES(333,'Chennai', 'User31');
INSERT  INTO [ADMIN] VALUES(444,'Dallas', 'User32');

--SELECT * FROM [ADMIN];

---------------------INSERT INTO SHIPMENT VALUES ------------------------------------

INSERT  INTO SHIPMENT VALUES(11111111, 1, 'User11', 'Complete');
INSERT  INTO SHIPMENT VALUES(11111112, 2, 'User12', 'In transit');
INSERT  INTO SHIPMENT VALUES(11111113, 3, 'User13', 'Complete');
INSERT  INTO SHIPMENT VALUES(11111114, 4, 'User25', 'Complete');
INSERT  INTO SHIPMENT VALUES(11111115, 5, 'User26', 'waiting_for_the_payment');
INSERT  INTO SHIPMENT VALUES(11111116, 6, 'User27', 'Complete');
INSERT  INTO SHIPMENT VALUES(11111117, 7, 'User28', 'waiting_for_the_payment');
INSERT  INTO SHIPMENT VALUES(11111118, 8, 'User33', 'Complete');
INSERT  INTO SHIPMENT VALUES(11111119, 9, 'User34', 'Complete');
INSERT  INTO SHIPMENT VALUES(11111120, 10, 'User35', 'waiting_for_the_payment');
INSERT  INTO SHIPMENT VALUES(11111121, 11, 'User11', 'In transit');
INSERT  INTO SHIPMENT VALUES(11111122, 12, 'User12', 'In transit');
INSERT  INTO SHIPMENT VALUES(11111123, 13, 'User13', 'waiting_for_the_payment');
INSERT  INTO SHIPMENT VALUES(11111124, 14, 'User25', 'In transit');
INSERT  INTO SHIPMENT VALUES(11111125, 15, 'User26', 'Complete');
INSERT  INTO SHIPMENT VALUES(11111126, 16, 'User27', 'Complete');

INSERT  INTO SHIPMENT VALUES(11111127, 17, 'User28', 'Complete');
INSERT  INTO SHIPMENT VALUES(11111128, 18, 'User33', 'Complete');
INSERT  INTO SHIPMENT VALUES(11111129, 19, 'User34', 'Complete');
INSERT  INTO SHIPMENT VALUES(11111130, 20, 'User35', 'Complete');

INSERT  INTO SHIPMENT VALUES(11111131, 21, 'User11', 'Complete');
INSERT  INTO SHIPMENT VALUES(11111132, 22, 'User12', 'Complete');
-------------------------------------------------------------------------------

-----------------------NON CLUSTERED INDEX--------------------------
GO
create NonClustered Index IX_tbl_Order_srcAddr on [Order](SourceAddr ASC)

--------------------------Column Data Encryption------------------

CREATE MASTER KEY ENCRYPTION BY PASSWORD = '<CMS@1234>';

--SEE IF KEY IS CREATED
SELECT name KeyName, symmetric_key_id KeyID, key_length KeyLength, algorithm_desc KeyAlgorithm
FROM sys.symmetric_keys;

CREATE CERTIFICATE PERSON_PASSWORD WITH SUBJECT = 'Person password protection';
GO

--SEE IF CERTIFICATE IS CREATED
SELECT name CertName, certificate_id CertID, pvt_key_encryption_type_desc EncryptType, issuer_name Issuer
FROM sys.certificates;

CREATE SYMMETRIC KEY Person_Password_Key WITH ALGORITHM = AES_256 ENCRYPTION BY CERTIFICATE PERSON_PASSWORD;
GO

--SEE IF SYMMETRIC KEY IS CREATED
SELECT name KeyName, symmetric_key_id KeyID, key_length KeyLength, algorithm_desc KeyAlgorithm
FROM sys.symmetric_keys;

--DECRYPT CERTIFICATE
OPEN SYMMETRIC KEY Person_Password_Key DECRYPTION BY CERTIFICATE PERSON_PASSWORD;
ALTER Table PERSON ADD [Password] varbinary(128);
GO
UPDATE PERSON 
SET [Password] = EncryptByKey (Key_GUID('Person_Password_Key'), convert(varbinary,'defaultpassword'));
GO

--CLOSE SYMMETRIC KEY
CLOSE SYMMETRIC KEY Person_Password_Key;
GO


---------------------------Computed Column based on function------------------------------------------------------------------------------
GO
CREATE FUNCTION GetEmployeeYearlyIncome(@salary DECIMAL(10,2))
RETURNS INT
AS 
BEGIN
     RETURN 12 * @salary
END
GO

ALTER TABLE EMPLOYEE
ADD EmployeeYearlyIncome
AS dbo.GetEmployeeYearlyIncome(EmpMonthlyIncome);



-----------------------------------------------------------------------------

Select * from PERSON;
select * from CUSTOMER;
select * from EMPLOYEE;
select * from Delivery_Employee;
select * from [ADMIN];
select * from [ORDER];
select * from ORDER_LINE;
select * from PRODUCT;
select * from INVOICE;
select * from [CARD];
select * from COUPON;
select * from SHIPMENT;


